{
  "f1_macro": 0.20657276980466835,
  "accuracy": 0.4489795918367347,
  "classes": [
    "neg",
    "neu",
    "pos"
  ],
  "n_val": 49,
  "n_labeled_used": 242,
  "n_features": 10,
  "type": "general",
  "seed": 42,
  "labels_dist_trainable": {
    "neg": 60,
    "neu": 66,
    "pos": 116
  },
  "teacher_accept_rate": 0.2579957356076759
}