{
  "mean_": [
    44.13304901123047,
    42.84120178222656,
    42.708152770996094,
    41.128753662109375,
    44.2703857421875,
    44.27467727661133,
    42.4077262878418,
    43.15021514892578,
    44.8111572265625,
    43.42918395996094
  ],
  "min_": [
    0.0,
    0.0,
    0.0,
    0.0,
    0.0,
    0.0,
    0.0,
    0.0,
    0.0,
    0.0
  ],
  "max_": [
    5.0,
    5.0,
    5.0,
    5.0,
    5.0,
    5.0,
    5.0,
    5.0,
    5.0,
    5.0
  ],
  "mode": "scale_0_5"
}