{
  "mean_": [
    44.65289306640625,
    43.367767333984375,
    42.876033782958984,
    41.54132080078125,
    44.94628143310547,
    44.89256286621094,
    43.46281051635742,
    43.75206756591797,
    45.28099060058594,
    44.28925704956055,
    0.24821804463863373,
    0.2734389305114746,
    0.4783429205417633
  ],
  "min_": [
    0.0,
    0.0,
    0.0,
    0.0,
    0.0,
    0.0,
    0.0,
    0.0,
    0.0,
    0.0,
    0.0,
    0.0,
    0.0
  ],
  "max_": [
    5.0,
    5.0,
    5.0,
    5.0,
    5.0,
    5.0,
    5.0,
    5.0,
    5.0,
    5.0,
    5.0,
    5.0,
    5.0
  ],
  "mode": "scale_0_5"
}