{
  "mean_": [
    46.42530059814453,
    45.69465637207031,
    45.33042526245117,
    44.71755599975586,
    46.564884185791016,
    46.36641311645508,
    45.233367919921875,
    45.67393493652344,
    46.7720832824707,
    46.023990631103516
  ],
  "min_": [
    0.0,
    0.0,
    0.0,
    0.0,
    0.0,
    0.0,
    0.0,
    0.0,
    0.0,
    0.0
  ],
  "max_": [
    5.0,
    5.0,
    5.0,
    5.0,
    5.0,
    5.0,
    5.0,
    5.0,
    5.0,
    5.0
  ],
  "mode": "scale_0_5"
}