{
  "mean_": [
    46.42856979370117,
    45.66737747192383,
    45.323028564453125,
    44.70682144165039,
    46.57356262207031,
    46.386993408203125,
    45.164180755615234,
    45.67803955078125,
    46.7835807800293,
    45.96162033081055
  ],
  "min_": [
    0.0,
    0.0,
    0.0,
    0.0,
    0.0,
    0.0,
    0.0,
    0.0,
    0.0,
    0.0
  ],
  "max_": [
    5.0,
    5.0,
    5.0,
    5.0,
    5.0,
    5.0,
    5.0,
    5.0,
    5.0,
    5.0
  ],
  "mode": "scale_0_5"
}