{
  "mean_": [
    44.65289306640625,
    43.367767333984375,
    42.876033782958984,
    41.54132080078125,
    44.94628143310547,
    44.89256286621094,
    43.46281051635742,
    43.75206756591797,
    45.28099060058594,
    44.28925704956055,
    0.24821804463863373,
    0.2734389305114746,
    0.4783429205417633
  ],
  "min_": [
    1.0,
    1.0,
    0.0,
    0.0,
    1.0,
    1.0,
    0.0,
    0.0,
    1.0,
    0.0,
    0.00019325414905324578,
    0.00022564921528100967,
    0.00021093957184348255
  ],
  "max_": [
    50.0,
    50.0,
    50.0,
    50.0,
    50.0,
    50.0,
    50.0,
    50.0,
    50.0,
    50.0,
    0.9993292093276978,
    0.9990179538726807,
    0.9988445043563843
  ],
  "mode": "minmax"
}